date,category,description,amount
2026-09-01,Transport,bike to anywhere,3000
2026-09-01,Food,Breakfast - bread and egg,1500
2026-09-02,Airtime & Data,Airtel data bundle,2000
2026-09-03,Food,Lunch,1500
2026-09-04,Entertainment,Netflix subscription,4500
2026-09-11,Transport,bike to my house ,1000
2026-09-11,Airtime & Data,Airtel data bundle,2000
2026-09-15,Transport, bike to school,1000
2026-09-15,Food,Lunch,1000
2026-09-16,Transport,Bike to market,1500
2026-09-16,Food,Lunch,2000
2026-09-17,Food,Lunch,2000
2026-09-17,Transport,bike to a restuarant,1000
2026-09-17,Food,Dinner in a restuarant,3000
